regions,oddsratio,pvalue,low_ci,hi_ci
NA,NA,NA,NA,NA
DAE,1.070830604,0.156745522,0.9734753,1.1780688
DAE_CP_ASD,2.249703,0.021455,1.074042,5.045546
DAE_GZ_ASD,1.11955,0.745628,0.5569571,2.2758517
